Numer RSPO,Identyfikator typu szkoły / placówki,Typ szkoły / placówki,Nazwa szkoły / placówki,Regon,Typ szkoły dla oddziału,Tryb nauki,Liczba uczniów,Liczba uczniów na wsi,Liczba uczniów w miastach do 5 tys.,Liczba uczniów poza szkołą,P1,P2,P3,P4,P5,P6,P7,P8,P9,P10,P11,P12,P13,P14,P15,P16,P17,P18,P19,P20,P21,P22,P23,P24,P25,P26,P27,P27a,P28,P28a,P29,P29a,P30,P31,P32,P33,P34,P35,P36,P37,P38,P39,P40,P41,P42,P43,P44,P45,P46,P47,P48,P49,P50,P51,P52,P53,P54,P55,P56,P57,P58,P59,P60,P61,P62,P63,P64,P65,P66,P67,P68,P69,P70,P71,P72,P73,P74,P75,P76,P77,P78,P79,P80,P81,P82,P83,P84,P85,P86,P87,P88,P89,Typ organu rejestrującego,Organ rejestrujący,Część miejska,Typ organu prowadzącego,Organ prowadzący,Wojewodztwo,Powiat,Gmina,Typ gminy,Miejscowość,Ulica,Nr domu,Nr lokalu,Kod pocztowy,Poczta,Telefon,e-Mail,Specyfika szkoły,Kategoria uczniów,Publiczność,Klasa wielkości miejscowości
29129,1,Przedszkole,"PRZEDSZKOLE MIEJSKIE NR 17 W KUTNIE ""NIEZAPOMINAJKA""",610024853,Przedszkole,dzienna,"  0,00","  0,00","  0,00","  0,00","  0,00","  0,00",0,0,0,0,0,0,0,"  0,00","  0,00",0,0,0,0,"  0,00","  0,00","  0,00","  0,00",0,"  0,00","  0,00","  0,00","  0,00","  0,00","  0,00",0,0,0,0,0,0,0,0,0,"  0,00",0,0,"  0,00",0,"  0,00","  0,00","  0,00","  0,00","  0,00",0,0,"  0,00","  0,00","  0,00",0,0,0,"  0,00",0,0,"  0,00","  0,00","  0,00","  0,00","  0,00","  0,00","  0,00","  70,00","  0,00","  0,00","  0,00","  0,00","  0,00","  0,00","  0,00",0,0,0,0,0,6,0,0,0,0,0,0,0,0,0,0,0,0,0,257,0,Gmina,MIASTO KUTNO,,Gmina,MIASTO KUTNO,ŁÓDZKIE,kutnowski,Kutno,M,Kutno,ul. Józefa Wybickiego,1,,99-300,Kutno,242535414,pmnr17@edu.kutno.pl,brak specyfiki,Dzieci lub młodzież,publiczna,miasto powyżej 5 tys.mieszkańców
29454,1,Przedszkole,"PRZEDSZKOLE MIEJSKIE NR 16 ""CALINECZKA"" W KUTNIE",610024847,Przedszkole,dzienna,"  0,00","  0,00","  0,00","  0,00","  0,00","  0,00",0,0,0,0,0,0,0,"  0,00","  0,00",0,0,0,0,"  0,00","  0,00","  0,00","  0,00",0,"  0,00","  0,00","  0,00","  0,00","  0,00","  0,00",0,0,0,0,0,0,0,0,0,"  0,00",0,0,"  0,00",0,"  0,00","  0,00","  0,00","  0,00","  0,00",0,0,"  0,00","  0,00","  0,00",0,0,0,"  0,00",0,0,"  0,00","  0,00","  0,00","  0,00","  0,00","  0,00","  0,00","  49,00","  0,00","  0,00","  0,00","  0,00","  0,00","  0,00","  0,00",0,0,0,0,0,0,0,0,0,0,0,0,0,0,0,0,0,0,190,0,0,Gmina,MIASTO KUTNO,,Gmina,MIASTO KUTNO,ŁÓDZKIE,kutnowski,Kutno,M,Kutno,ul. Wilcza,5,,99-300,Kutno,242540816,pm16@edu.kutno.pl,brak specyfiki,Dzieci lub młodzież,publiczna,miasto powyżej 5 tys.mieszkańców
30989,1,Przedszkole,"PRZEDSZKOLE MIEJSKIE NR 15 ""BAJKA""",610024830,Przedszkole,dzienna,"  0,00","  0,00","  0,00","  0,00","  0,00","  0,00",0,0,0,0,0,0,0,"  0,00","  0,00",0,0,0,0,"  0,00","  0,00","  0,00","  0,00",0,"  0,00","  0,00","  0,00","  0,00","  0,00","  0,00",0,0,0,0,0,0,0,0,0,"  0,00",0,0,"  0,00",0,"  0,00","  0,00","  0,00","  0,00","  0,00",0,0,"  0,00","  0,00","  0,00",0,0,0,"  0,00",0,0,"  0,00","  0,00","  0,00","  0,00","  0,00","  0,00","  0,00","  71,00","  0,00","  0,00","  0,00","  0,00","  0,00","  0,00","  0,00",0,0,0,0,0,2,0,0,0,0,0,0,0,0,0,0,0,0,229,0,0,Gmina,MIASTO KUTNO,,Gmina,MIASTO KUTNO,ŁÓDZKIE,kutnowski,Kutno,M,Kutno,ul. Władysława Jagiełły,4a,,99-300,Kutno,242536110,pm15@edu.kutno.pl,brak specyfiki,Dzieci lub młodzież,publiczna,miasto powyżej 5 tys.mieszkańców
31184,1,Przedszkole,"PRZEDSZKOLE MIEJSKIE NR 5 ""STOKROTKA""",610169994,Przedszkole,dzienna,"  0,00","  0,00","  0,00","  0,00","  0,00","  0,00",0,0,0,0,0,0,0,"  0,00","  0,00",0,0,0,0,"  0,00","  0,00","  0,00","  0,00",0,"  0,00","  0,00","  0,00","  0,00","  0,00","  0,00",0,0,0,0,0,0,0,0,0,"  0,00",0,0,"  0,00",0,"  0,00","  0,00","  0,00","  0,00","  0,00",0,0,"  0,00","  0,00","  0,00",0,0,0,"  0,00",0,0,"  0,00","  0,00","  0,00","  0,00","  0,00","  0,00","  0,00","  16,00","  0,00","  0,00","  0,00","  0,00","  0,00","  0,00","  0,00",0,0,0,0,0,1,0,0,0,0,0,0,0,0,0,0,0,86,0,0,0,Gmina,MIASTO KUTNO,,Gmina,MIASTO KUTNO,ŁÓDZKIE,kutnowski,Kutno,M,Kutno,ul. Barcewicza,13,,99-300,Kutno,242547762,pm5@edu.kutno.pl,brak specyfiki,Dzieci lub młodzież,publiczna,miasto powyżej 5 tys.mieszkańców
31284,1,Przedszkole,"PRZEDSZKOLE MIEJSKIE NR 8 ""PROMYCZEK""",610024818,Przedszkole,dzienna,"  0,00","  0,00","  0,00","  0,00","  0,00","  0,00",0,0,0,0,0,0,0,"  0,00","  0,00",0,0,0,0,"  0,00","  0,00","  0,00","  0,00",0,"  0,00","  0,00","  0,00","  0,00","  0,00","  0,00",0,0,0,0,0,0,0,0,0,"  0,00",0,0,"  0,00",0,"  0,00","  0,00","  0,00","  0,00","  0,00",0,0,"  0,00","  0,00","  0,00",0,0,0,"  0,00",0,0,"  0,00","  0,00","  0,00","  0,00","  0,00","  0,00","  0,00","  37,00","  0,00","  0,00","  0,00","  0,00","  0,00","  0,00","  0,00",0,0,0,0,0,0,0,0,0,0,0,0,0,0,0,0,0,141,0,0,0,Gmina,MIASTO KUTNO,,Gmina,MIASTO KUTNO,ŁÓDZKIE,kutnowski,Kutno,M,Kutno,ul. dr. Antoniego Troczewskiego,2a,,99-300,Kutno,242537992,pm8@edu.kutno.pl,brak specyfiki,Dzieci lub młodzież,publiczna,miasto powyżej 5 tys.mieszkańców
31427,1,Przedszkole,"INTEGRACYJNE PRZEDSZKOLE MIEJSKIE NR 3 W KUTNIE ""JARZĘBINKA""",610024764,Przedszkole,dzienna,"  0,00","  0,00","  0,00","  0,00","  0,00","  0,00",0,0,0,0,0,0,0,"  0,00","  0,00",0,0,0,0,"  0,00","  0,00","  0,00","  0,00",0,"  0,00","  0,00","  0,00","  0,00","  0,00","  0,00",0,0,0,0,0,0,0,0,0,"  0,00",0,0,"  0,00",0,"  0,00","  0,00","  0,00","  0,00","  0,00",0,0,"  0,00","  0,00","  0,00",0,0,0,"  0,00",0,0,"  0,00","  0,00","  0,00","  0,00","  0,00","  0,00","  0,00","  57,00","  0,00","  0,00","  0,00","  0,00","  0,00","  0,00","  0,00",0,0,0,0,0,16,0,0,0,1,1,0,0,0,0,0,0,0,183,0,0,Gmina,MIASTO KUTNO,,Gmina,MIASTO KUTNO,ŁÓDZKIE,kutnowski,Kutno,M,Kutno,ul. Generała Bema,15,,99-300,Kutno,242547943,ipm3@edu.kutno.pl,brak specyfiki,Dzieci lub młodzież,publiczna,miasto powyżej 5 tys.mieszkańców
31717,3,Szkoła podstawowa,SZKOŁA PODSTAWOWA NR 5 IM. HENRYKA SIENKIEWICZA,000903297,Szkoła podstawowa,dzienna,"  257,00","  0,00","  0,00","  0,00","  0,00","  0,00",0,0,2,0,0,3,0,"  0,00","  0,00",0,0,0,0,"  0,00","  0,00","  0,00","  0,00",0,"  0,00","  0,00","  0,00","  0,00","  0,00","  0,00",0,0,0,0,0,0,0,0,0,"  0,00",0,0,"  0,00",0,"  0,00","  0,42","  0,00","  0,00","  0,00",0,0,"  0,00","  0,00","  0,00",0,0,0,"  113,00",0,0,"  257,00","  0,00","  0,00","  0,00","  0,00","  257,00","  0,00","  0,00","  0,00","  0,00","  0,00","  0,00","  0,00","  0,00","  0,00",0,0,0,0,0,0,0,0,0,0,0,0,0,0,0,0,0,0,0,0,0,Gmina,MIASTO KUTNO,,Gmina,MIASTO KUTNO,ŁÓDZKIE,kutnowski,Kutno,M,Kutno,ul. Konduktorska,13,,99-300,Kutno,242533072,sp5@edu.kutno.pl,brak specyfiki,Dzieci lub młodzież,publiczna,miasto powyżej 5 tys.mieszkańców
31727,3,Szkoła podstawowa,SZKOŁA PODSTAWOWA NR 6 IM. MARII SKŁODOWSKIEJ - CURIE W KUTNIE,000903280,Szkoła podstawowa,dzienna,"  420,41","  0,00","  0,00","  1,00","  0,00","  0,00",0,0,1,3,1,5,0,"  0,00","  0,00",0,0,0,0,"  0,00","  0,00","  0,00","  0,00",0,"  0,00","  0,00","  0,00","  0,00","  0,00","  0,00",0,0,0,0,0,0,0,0,0,"  0,00",0,0,"  0,00",0,"  0,00","  1,42","  0,00","  0,00","  0,00",0,0,"  0,00","  0,00","  0,00",0,0,0,"  154,00",1,0,"  421,41","  0,00","  0,00","  0,00","  0,00","  0,00","  421,41","  0,00","  0,00","  0,00","  0,00","  0,00","  0,00","  0,00","  0,00",0,0,0,0,0,0,0,0,0,0,0,0,0,0,0,0,0,0,0,0,0,Gmina,MIASTO KUTNO,,Gmina,MIASTO KUTNO,ŁÓDZKIE,kutnowski,Kutno,M,Kutno,ul. Łąkoszyńska,9,,99-300,Kutno,242533911,sp6@edu.kutno.pl,brak specyfiki,Dzieci lub młodzież,publiczna,miasto powyżej 5 tys.mieszkańców
31728,3,Szkoła podstawowa,PUBLICZNA KATOLICKA SZKOŁA PODSTAWOWA IM. ŚW. STANISŁAWA KOSTKI W KUTNIE,101483049,Szkoła podstawowa,dzienna,"  131,00","  0,00","  0,00","  0,00","  0,00","  0,00",0,0,4,1,0,6,0,"  0,00","  0,00",0,0,0,0,"  0,00","  0,00","  0,00","  0,00",0,"  0,00","  0,00","  0,00","  0,00","  0,00","  0,00",0,0,0,0,0,0,0,0,0,"  0,00",0,0,"  0,00",0,"  0,00","  0,00","  0,00","  0,00","  0,00",0,0,"  0,00","  0,00","  0,00",0,0,0,"  49,00",2,0,"  131,00","  0,00","  0,00","  131,00","  0,00","  0,00","  0,00","  0,00","  0,00","  0,00","  0,00","  0,00","  0,00","  0,00","  0,00",0,0,0,0,0,0,0,0,0,0,0,0,0,0,0,0,0,0,0,0,0,Gmina,MIASTO KUTNO,,Organizacje Wyznaniowe,PARAFIA RZYM.-KAT. PW.ŚWIĘTEGO WAWRZYŃCA,ŁÓDZKIE,kutnowski,Kutno,M,Kutno,ul. Papieża Jana Pawła II,2,,99-300,Kutno,242541461,ksp_kutno@interia.pl,brak specyfiki,Dzieci lub młodzież,publiczna,miasto powyżej 5 tys.mieszkańców
31729,3,Szkoła podstawowa,SZKOŁA PODSTAWOWA NR 4 IM. MIKOŁAJA KOPERNIKA W KUTNIE,000903305,Szkoła podstawowa,dzienna,"  212,17","  0,00","  0,00","  1,00","  0,00","  0,00",0,0,3,0,0,1,0,"  0,00","  0,00",0,0,0,0,"  0,00","  0,00","  0,00","  0,00",0,"  0,00","  0,00","  0,00","  0,00","  0,00","  0,00",0,0,0,0,0,0,0,0,0,"  0,00",0,0,"  0,00",0,"  0,00","  0,00","  0,00","  0,00","  0,00",0,0,"  0,00","  0,00","  0,00",0,0,0,"  66,00",0,0,"  213,17","  0,00","  0,00","  0,00","  213,17","  0,00","  0,00","  0,00","  0,00","  0,00","  0,00","  0,00","  0,00","  0,00","  0,00",0,0,0,0,0,0,0,0,0,0,0,0,0,0,0,0,0,0,0,0,0,Gmina,MIASTO KUTNO,,Gmina,MIASTO KUTNO,ŁÓDZKIE,kutnowski,Kutno,M,Kutno,ul. Narutowicza,22,,99-300,Kutno,242533967,sp4@edu.kutno.pl,brak specyfiki,Dzieci lub młodzież,publiczna,miasto powyżej 5 tys.mieszkańców
34264,1,Przedszkole,PRZEDSZKOLE NIEPUBLICZNE ZGROMADZENIA SIÓSTR PASJONISTEK ŚW. PAWŁA OD KRZYŻA IM. DZIECIĄTKA JEZUS W KUTNIE,101484942,Przedszkole,dzienna,"  0,00","  0,00","  0,00","  0,00","  0,00","  0,00",0,0,0,0,0,0,0,"  0,00","  0,00",0,0,0,0,"  0,00","  0,00","  0,00","  0,00",0,"  0,00","  0,00","  0,00","  0,00","  0,00","  0,00",0,0,0,0,0,0,0,0,0,"  0,00",0,0,"  0,00",0,"  0,00","  0,00","  0,00","  0,00","  0,00",0,0,"  0,00","  0,00","  0,00",0,0,0,"  0,00",0,0,"  0,00","  0,00","  0,00","  0,00","  0,00","  0,00","  0,00","  24,00","  0,00","  0,00","  0,00","  0,00","  0,00","  0,00","  0,00",0,0,0,0,0,9,0,12,0,0,1,0,0,0,0,0,0,88,0,0,0,Gmina,MIASTO KUTNO,,Organizacje Wyznaniowe,WICEPROWINCJA ZGROMADZENIA SIÓSTR PASJONISTEK ŚW. PAWŁA OD KRZYŻA,ŁÓDZKIE,kutnowski,Kutno,M,Kutno,ul. Kardynała Stefana Wyszyńskiego,3,,99-300,Kutno,242546925,przedszkole.siostrykutno@interia.pl,brak specyfiki,Dzieci lub młodzież,niepubliczna,miasto powyżej 5 tys.mieszkańców
34265,3,Szkoła podstawowa,SZKOŁA PODSTAWOWA NR 9 IM.WŁ.JAGIEŁŁY W KUTNIE,001070630,Szkoła podstawowa,dzienna,"  695,78","  0,00","  0,00","  0,00","  0,00","  0,00",0,0,1,2,0,18,0,"  0,00","  0,00",0,0,0,0,"  0,00","  0,00","  0,00","  0,00",0,"  0,00","  0,00","  0,00","  0,00","  0,00","  0,00",0,0,0,0,0,0,0,0,0,"  0,00",0,0,"  0,00",0,"  0,00","  2,40","  0,00","  0,00","  0,00",0,0,"  0,00","  0,00","  0,00",0,0,0,"  259,00",6,1,"  695,78","  0,00","  0,00","  0,00","  0,00","  0,00","  695,78","  0,00","  0,00","  0,00","  0,00","  0,00","  0,00","  0,00","  0,00",0,0,0,0,0,0,0,0,0,0,0,0,0,0,0,0,0,0,0,0,0,Gmina,MIASTO KUTNO,,Gmina,MIASTO KUTNO,ŁÓDZKIE,kutnowski,Kutno,M,Kutno,ul. Władysława Jagiełły,6,,99-301,Kutno,242536368,sp9@edu.kutno.pl,brak specyfiki,Dzieci lub młodzież,publiczna,miasto powyżej 5 tys.mieszkańców
34266,3,Szkoła podstawowa,SZKOŁA PODSTAWOWA NR 1 IM.TADEUSZA KOŚCIUSZKI W KUTNIE,000903334,Szkoła podstawowa,dzienna,"  765,83","  0,00","  0,00","  0,00","  0,00","  0,00",0,0,3,6,1,20,22,"  0,00","  0,00",0,0,0,0,"  0,00","  0,00","  0,00","  0,00",0,"  0,00","  0,00","  0,00","  0,00","  0,00","  0,00",0,0,0,0,0,0,0,0,0,"  0,00",0,0,"  0,00",0,"  0,00","  0,43","  0,00","  0,00","  0,00",0,0,"  0,00","  0,00","  0,00",0,0,0,"  258,00",3,0,"  765,83","  0,00","  0,00","  0,00","  0,00","  0,00","  765,83","  0,00","  0,00","  0,00","  0,00","  0,00","  0,00","  0,00","  0,00",0,0,0,0,0,0,0,0,0,0,0,0,0,0,0,0,0,0,0,0,0,Gmina,MIASTO KUTNO,,Gmina,MIASTO KUTNO,ŁÓDZKIE,kutnowski,Kutno,M,Kutno,ul. Kanclerza Andrzeja Zamoyskiego,1,,99-300,Kutno,242547072,sp1kutno@poczta.onet.pl,brak specyfiki,Dzieci lub młodzież,publiczna,miasto powyżej 5 tys.mieszkańców
122700,1,Przedszkole,NIEPUBLICZNE PRZEDSZKOLE MALUCHOWO,101756808,Przedszkole,dzienna,"  0,00","  0,00","  0,00","  0,00","  0,00","  0,00",0,0,0,0,0,0,0,"  0,00","  0,00",0,0,0,0,"  0,00","  0,00","  0,00","  0,00",0,"  0,00","  0,00","  0,00","  0,00","  0,00","  0,00",0,0,0,0,0,0,0,0,0,"  0,00",0,0,"  0,00",0,"  0,00","  0,00","  0,00","  0,00","  0,00",0,0,"  0,00","  0,00","  0,00",0,0,0,"  0,00",0,0,"  0,00","  0,00","  0,00","  0,00","  0,00","  0,00","  0,00","  7,00","  0,00","  0,00","  0,00","  0,00","  0,00","  0,00","  0,00",0,0,0,0,0,2,0,0,0,0,0,0,0,0,0,0,68,0,0,0,0,Gmina,MIASTO KUTNO,,Spółdzielnia,"""MIĘDZYNARODOWE CENTRUM ROZWOJU"" SPÓŁDZIELNIA SOCJALNA",ŁÓDZKIE,kutnowski,Kutno,M,Kutno,ul. Warszawskie Przedmieście,31,,99-300,Kutno,242524479,,brak specyfiki,Dzieci lub młodzież,niepubliczna,miasto powyżej 5 tys.mieszkańców
128307,81,Punkt przedszkolny,PUNKT PRZEDSZKOLNY NR 1 W KUTNIE,362231271,Punkt przedszkolny,dzienna,"  0,00","  0,00","  0,00","  0,00","  0,00","  0,00",0,0,0,0,0,0,0,"  0,00","  0,00",0,0,0,0,"  0,00","  0,00","  0,00","  0,00",0,"  0,00","  0,00","  0,00","  0,00","  0,00","  0,00",0,0,0,0,0,0,0,0,0,"  0,00",0,0,"  0,00",0,"  0,00","  0,00","  0,00","  0,00","  0,00",0,0,"  0,00","  0,00","  0,00",0,0,0,"  0,00",0,0,"  0,00","  0,00","  0,00","  0,00","  0,00","  0,00","  0,00","  0,00","  24,00","  0,00","  0,00","  0,00","  0,00","  0,00","  0,00",0,0,0,0,0,0,0,0,0,0,0,0,0,0,0,0,0,0,0,0,0,Gmina,MIASTO KUTNO,,Gmina,MIASTO KUTNO,ŁÓDZKIE,kutnowski,Kutno,M,Kutno,ul. Narutowicza,22,,99-300,Kutno,242533967,pp1@edu.kutno.pl,brak specyfiki,Dzieci lub młodzież,publiczna,miasto powyżej 5 tys.mieszkańców
128308,81,Punkt przedszkolny,PUNKT PRZEDSZKOLNY NR 2 W KUTNIE,362231288,Punkt przedszkolny,dzienna,"  0,00","  0,00","  0,00","  0,00","  0,00","  0,00",0,0,0,0,0,0,0,"  0,00","  0,00",0,0,0,0,"  0,00","  0,00","  0,00","  0,00",0,"  0,00","  0,00","  0,00","  0,00","  0,00","  0,00",0,0,0,0,0,0,0,0,0,"  0,00",0,0,"  0,00",0,"  0,00","  0,00","  0,00","  0,00","  0,00",0,0,"  0,00","  0,00","  0,00",0,0,0,"  0,00",0,0,"  0,00","  0,00","  0,00","  0,00","  0,00","  0,00","  0,00","  0,00","  20,00","  0,00","  0,00","  0,00","  0,00","  0,00","  0,00",0,0,0,0,0,0,0,0,0,0,0,0,0,0,0,0,0,0,0,0,0,Gmina,MIASTO KUTNO,,Gmina,MIASTO KUTNO,ŁÓDZKIE,kutnowski,Kutno,M,Kutno,ul. Łąkoszyńska,9,,99-300,Kutno,242533911,spnr_6@gazeta.pl,brak specyfiki,Dzieci lub młodzież,publiczna,miasto powyżej 5 tys.mieszkańców
128310,81,Punkt przedszkolny,PUNKT PRZEDSZKOLNY NR 3 W KUTNIE,362231294,Punkt przedszkolny,dzienna,"  0,00","  0,00","  0,00","  0,00","  0,00","  0,00",0,0,0,0,0,0,0,"  0,00","  0,00",0,0,0,0,"  0,00","  0,00","  0,00","  0,00",0,"  0,00","  0,00","  0,00","  0,00","  0,00","  0,00",0,0,0,0,0,0,0,0,0,"  0,00",0,0,"  0,00",0,"  0,00","  0,00","  0,00","  0,00","  0,00",0,0,"  0,00","  0,00","  0,00",0,0,0,"  0,00",0,0,"  0,00","  0,00","  0,00","  0,00","  0,00","  0,00","  0,00","  0,00","  12,00","  0,00","  0,00","  0,00","  0,00","  0,00","  0,00",0,0,0,0,0,0,0,0,0,0,0,0,0,0,0,0,0,0,0,0,0,Gmina,MIASTO KUTNO,,Gmina,MIASTO KUTNO,ŁÓDZKIE,kutnowski,Kutno,M,Kutno,ul. Konduktorska,13,,99-300,Kutno,242533072,sp5kutno@wp.pl,brak specyfiki,Dzieci lub młodzież,publiczna,miasto powyżej 5 tys.mieszkańców
263961,3,Szkoła podstawowa,SZKOŁA PODSTAWOWA NR 2 IM. MARSZAŁKA JÓZEFA PIŁSUDSKIEGO,368245067,Szkoła podstawowa,dzienna,"  283,00","  0,00","  0,00","  0,00","  0,00","  0,00",0,0,0,2,2,4,0,"  0,00","  0,00",0,0,0,0,"  0,00","  0,00","  0,00","  0,00",0,"  0,00","  0,00","  0,00","  0,00","  0,00","  0,00",0,0,0,0,0,0,0,0,0,"  0,00",0,0,"  0,00",0,"  0,00","  0,00","  0,00","  0,00","  0,00",0,0,"  0,00","  0,00","  0,00",0,0,0,"  147,00",8,0,"  283,00","  0,00","  0,00","  0,00","  0,00","  283,00","  0,00","  0,00","  0,00","  0,00","  0,00","  0,00","  0,00","  0,00","  0,00",0,0,0,0,0,0,0,0,0,0,0,0,0,0,0,0,0,0,0,0,0,Gmina,MIASTO KUTNO,,Gmina,MIASTO KUTNO,ŁÓDZKIE,kutnowski,Kutno,M,Kutno,ul. Staszica,6,,99-300,Kutno,243551577,sp2kutno@tlen.pl,brak specyfiki,Dzieci lub młodzież,publiczna,miasto powyżej 5 tys.mieszkańców
263969,3,Szkoła podstawowa,SZKOŁA PODSTAWOWA NR 7 IM. ADAMA MICKIEWICZA,368246055,Szkoła podstawowa,dzienna,"  321,00","  0,00","  0,00","  2,00","  0,00","  0,00",0,0,1,0,0,0,0,"  0,00","  0,00",0,0,0,0,"  0,00","  0,00","  0,00","  0,00",0,"  0,00","  0,00","  0,00","  0,00","  0,00","  0,00",0,0,0,0,0,0,0,0,0,"  0,00",0,0,"  0,00",0,"  0,00","  0,00","  0,00","  0,00","  0,00",0,0,"  0,00","  0,00","  0,00",0,0,0,"  146,00",9,0,"  323,00","  0,00","  0,00","  0,00","  0,00","  323,00","  0,00","  0,00","  0,00","  0,00","  0,00","  0,00","  0,00","  0,00","  0,00",0,0,0,0,0,0,0,0,0,0,0,0,0,0,0,0,0,0,0,0,0,Gmina,MIASTO KUTNO,,Gmina,MIASTO KUTNO,ŁÓDZKIE,kutnowski,Kutno,M,Kutno,ul. dr. Antoniego Troczewskiego,2,,99-300,Kutno,243554461,sp7kutno@onet.pl,brak specyfiki,Dzieci lub młodzież,publiczna,miasto powyżej 5 tys.mieszkańców
266090,1,Przedszkole,NIEPUBLICZNE PRZEDSZKOLE BE HAPPY,369246560,Przedszkole,dzienna,"  0,00","  0,00","  0,00","  0,00","  0,00","  0,00",0,0,0,0,0,0,0,"  0,00","  0,00",0,0,0,0,"  0,00","  0,00","  0,00","  0,00",0,"  0,00","  0,00","  0,00","  0,00","  0,00","  0,00",0,0,0,0,0,0,0,0,0,"  0,00",0,0,"  0,00",0,"  0,00","  0,00","  0,00","  0,00","  0,00",0,0,"  0,00","  0,00","  0,00",0,0,0,"  0,00",0,0,"  0,00","  0,00","  0,00","  0,00","  0,00","  0,00","  0,00","  0,00","  0,00","  0,00","  0,00","  0,00","  0,00","  0,00","  0,00",0,0,0,0,0,0,0,0,0,1,0,0,0,0,0,0,37,0,0,0,0,Gmina,MIASTO KUTNO,,Spółdzielnia,SPÓŁDZIELNIA SOCJALNA BE HAPPY,ŁÓDZKIE,kutnowski,Kutno,M,Kutno,"ul. Generała Stefana ""Grota"" - Roweckiego",3,,99-300,Kutno,,kontakt@behappykutno.pl,brak specyfiki,Dzieci lub młodzież,niepubliczna,miasto powyżej 5 tys.mieszkańców
272980,81,Punkt przedszkolny,"TERAPEUTYCZNY PUNKT PRZEDSZKOLNY ""TO TU""",384346399,Punkt przedszkolny,dzienna,"  0,00","  0,00","  0,00","  0,00","  0,00","  0,00",0,0,0,0,0,0,0,"  0,00","  0,00",0,0,0,0,"  0,00","  0,00","  0,00","  0,00",0,"  0,00","  0,00","  0,00","  0,00","  0,00","  0,00",0,0,0,0,0,0,0,0,0,"  0,00",0,0,"  0,00",0,"  0,00","  0,00","  0,00","  0,00","  0,00",0,0,"  0,00","  0,00","  0,00",0,0,0,"  0,00",0,0,"  0,00","  0,00","  0,00","  0,00","  0,00","  0,00","  0,00","  0,00","  7,00","  0,00","  0,00","  0,00","  0,00","  0,00","  0,00",0,0,0,0,0,25,0,24,0,0,0,0,0,0,0,0,0,0,0,0,0,Gmina,MIASTO KUTNO,,Fundacje,"FUNDACJA ""PRO APERTE""",ŁÓDZKIE,kutnowski,Kutno,M,Kutno,ul. Henryka Sienkiewicza,40,,99-300,Kutno,,przedszkole@proaperte.pl,brak specyfiki,Dzieci lub młodzież,niepubliczna,miasto powyżej 5 tys.mieszkańców
273360,1,Przedszkole,NIEPUBLICZNE PRZEDSZKOLE MIŚ,384455384,Przedszkole,dzienna,"  0,00","  0,00","  0,00","  0,00","  0,00","  0,00",0,0,0,0,0,0,0,"  0,00","  0,00",0,0,0,0,"  0,00","  0,00","  0,00","  0,00",0,"  0,00","  0,00","  0,00","  0,00","  0,00","  0,00",0,0,0,0,0,0,0,0,0,"  0,00",0,0,"  0,00",0,"  0,00","  0,00","  0,00","  0,00","  0,00",0,0,"  0,00","  0,00","  0,00",0,0,0,"  0,00",0,0,"  0,00","  0,00","  0,00","  0,00","  0,00","  0,00","  0,00","  0,00","  0,00","  0,00","  0,00","  0,00","  0,00","  0,00","  0,00",0,0,0,0,0,2,0,0,0,0,0,0,0,0,0,0,68,0,0,0,0,Gmina,MIASTO KUTNO,,Osoba fizyczna,Ewa Wojtczak-Szczęsna,ŁÓDZKIE,kutnowski,Kutno,M,Kutno,ul. Dojazd,5,,99-300,Kutno,,sekretariat@mis-przedszkole.pl,brak specyfiki,Dzieci lub młodzież,niepubliczna,miasto powyżej 5 tys.mieszkańców