,Nazwa szkoły / placówki,WW,Paragraf
0,SZKOŁA PODSTAWOWA NR 7 IM. ADAMA MICKIEWICZA,9803.89,302
1,SZKOŁA PODSTAWOWA NR 7 IM. ADAMA MICKIEWICZA,658989.84,401
2,SZKOŁA PODSTAWOWA NR 7 IM. ADAMA MICKIEWICZA,48276.23,404
3,SZKOŁA PODSTAWOWA NR 7 IM. ADAMA MICKIEWICZA,435647.68,411
4,SZKOŁA PODSTAWOWA NR 7 IM. ADAMA MICKIEWICZA,43456.56,412
5,SZKOŁA PODSTAWOWA NR 7 IM. ADAMA MICKIEWICZA,10154.2,417
6,SZKOŁA PODSTAWOWA NR 7 IM. ADAMA MICKIEWICZA,59404.0,421
7,SZKOŁA PODSTAWOWA NR 7 IM. ADAMA MICKIEWICZA,10489.38,424
8,SZKOŁA PODSTAWOWA NR 7 IM. ADAMA MICKIEWICZA,187179.2,426
9,SZKOŁA PODSTAWOWA NR 7 IM. ADAMA MICKIEWICZA,20359.79,427
10,SZKOŁA PODSTAWOWA NR 7 IM. ADAMA MICKIEWICZA,4295.0,428
11,SZKOŁA PODSTAWOWA NR 7 IM. ADAMA MICKIEWICZA,50622.57,430
12,SZKOŁA PODSTAWOWA NR 7 IM. ADAMA MICKIEWICZA,1774.62,436
13,SZKOŁA PODSTAWOWA NR 7 IM. ADAMA MICKIEWICZA,99.0,441
14,SZKOŁA PODSTAWOWA NR 7 IM. ADAMA MICKIEWICZA,184388.0,444
15,SZKOŁA PODSTAWOWA NR 7 IM. ADAMA MICKIEWICZA,184388.0,448
16,SZKOŁA PODSTAWOWA NR 7 IM. ADAMA MICKIEWICZA,2117.0,470
17,SZKOŁA PODSTAWOWA NR 7 IM. ADAMA MICKIEWICZA,1816704.04,479
18,SZKOŁA PODSTAWOWA NR 7 IM. ADAMA MICKIEWICZA,125417.31,480
19,SZKOŁA PODSTAWOWA NR 7 IM. ADAMA MICKIEWICZA,49999.99,605
20,SZKOŁA PODSTAWOWA NR 7 IM. ADAMA MICKIEWICZA,90000.0,606
21,SZKOŁA PODSTAWOWA NR 7 IM. ADAMA MICKIEWICZA,30136.12,411
22,SZKOŁA PODSTAWOWA NR 7 IM. ADAMA MICKIEWICZA,2581.49,412
23,SZKOŁA PODSTAWOWA NR 7 IM. ADAMA MICKIEWICZA,8710.0,444
24,SZKOŁA PODSTAWOWA NR 7 IM. ADAMA MICKIEWICZA,155207.57,479
25,SZKOŁA PODSTAWOWA NR 7 IM. ADAMA MICKIEWICZA,12783.97,480
26,SZKOŁA PODSTAWOWA NR 7 IM. ADAMA MICKIEWICZA,2260.0,430
27,SZKOŁA PODSTAWOWA NR 7 IM. ADAMA MICKIEWICZA,6990.0,470
28,SZKOŁA PODSTAWOWA NR 7 IM. ADAMA MICKIEWICZA,5130.37,411
29,SZKOŁA PODSTAWOWA NR 7 IM. ADAMA MICKIEWICZA,680.0,412
30,SZKOŁA PODSTAWOWA NR 7 IM. ADAMA MICKIEWICZA,680.0,471
31,SZKOŁA PODSTAWOWA NR 7 IM. ADAMA MICKIEWICZA,29845.11,479
32,SZKOŁA PODSTAWOWA NR 7 IM. ADAMA MICKIEWICZA,31454.28,424
33,SZKOŁA PODSTAWOWA NR 7 IM. ADAMA MICKIEWICZA,6448.0,324
34,SZKOŁA PODSTAWOWA NR 9 IM.WŁ.JAGIEŁŁY W KUTNIE,17895.92,302
35,SZKOŁA PODSTAWOWA NR 9 IM.WŁ.JAGIEŁŁY W KUTNIE,846086.6,401
36,SZKOŁA PODSTAWOWA NR 9 IM.WŁ.JAGIEŁŁY W KUTNIE,60671.87,404
37,SZKOŁA PODSTAWOWA NR 9 IM.WŁ.JAGIEŁŁY W KUTNIE,864745.42,411
38,SZKOŁA PODSTAWOWA NR 9 IM.WŁ.JAGIEŁŁY W KUTNIE,83281.11,412
39,SZKOŁA PODSTAWOWA NR 9 IM.WŁ.JAGIEŁŁY W KUTNIE,83281.11,417
40,SZKOŁA PODSTAWOWA NR 9 IM.WŁ.JAGIEŁŁY W KUTNIE,120628.84,421
41,SZKOŁA PODSTAWOWA NR 9 IM.WŁ.JAGIEŁŁY W KUTNIE,15389.06,424
42,SZKOŁA PODSTAWOWA NR 9 IM.WŁ.JAGIEŁŁY W KUTNIE,273772.28,426
43,SZKOŁA PODSTAWOWA NR 9 IM.WŁ.JAGIEŁŁY W KUTNIE,32276.34,427
44,SZKOŁA PODSTAWOWA NR 9 IM.WŁ.JAGIEŁŁY W KUTNIE,2270.0,428
45,SZKOŁA PODSTAWOWA NR 9 IM.WŁ.JAGIEŁŁY W KUTNIE,148121.32,430
46,SZKOŁA PODSTAWOWA NR 9 IM.WŁ.JAGIEŁŁY W KUTNIE,5310.91,436
47,SZKOŁA PODSTAWOWA NR 9 IM.WŁ.JAGIEŁŁY W KUTNIE,818.45,441
48,SZKOŁA PODSTAWOWA NR 9 IM.WŁ.JAGIEŁŁY W KUTNIE,357532.35,444
49,SZKOŁA PODSTAWOWA NR 9 IM.WŁ.JAGIEŁŁY W KUTNIE,143.0,448
50,SZKOŁA PODSTAWOWA NR 9 IM.WŁ.JAGIEŁŁY W KUTNIE,3132.0,470
51,SZKOŁA PODSTAWOWA NR 9 IM.WŁ.JAGIEŁŁY W KUTNIE,4117.7,471
52,SZKOŁA PODSTAWOWA NR 9 IM.WŁ.JAGIEŁŁY W KUTNIE,4075893.23,479
53,SZKOŁA PODSTAWOWA NR 9 IM.WŁ.JAGIEŁŁY W KUTNIE,320109.01,480
54,SZKOŁA PODSTAWOWA NR 9 IM.WŁ.JAGIEŁŁY W KUTNIE,40000.0,605
55,SZKOŁA PODSTAWOWA NR 9 IM.WŁ.JAGIEŁŁY W KUTNIE,222300.0,606
56,SZKOŁA PODSTAWOWA NR 9 IM.WŁ.JAGIEŁŁY W KUTNIE,1000.0,302
57,SZKOŁA PODSTAWOWA NR 9 IM.WŁ.JAGIEŁŁY W KUTNIE,43348.91,411
58,SZKOŁA PODSTAWOWA NR 9 IM.WŁ.JAGIEŁŁY W KUTNIE,4534.11,412
59,SZKOŁA PODSTAWOWA NR 9 IM.WŁ.JAGIEŁŁY W KUTNIE,17251.11,444
60,SZKOŁA PODSTAWOWA NR 9 IM.WŁ.JAGIEŁŁY W KUTNIE,17251.11,471
61,SZKOŁA PODSTAWOWA NR 9 IM.WŁ.JAGIEŁŁY W KUTNIE,276276.57,479
62,SZKOŁA PODSTAWOWA NR 9 IM.WŁ.JAGIEŁŁY W KUTNIE,19431.58,480
63,SZKOŁA PODSTAWOWA NR 9 IM.WŁ.JAGIEŁŁY W KUTNIE,6199.2,430
64,SZKOŁA PODSTAWOWA NR 9 IM.WŁ.JAGIEŁŁY W KUTNIE,16741.0,470
65,SZKOŁA PODSTAWOWA NR 9 IM.WŁ.JAGIEŁŁY W KUTNIE,1057.37,302
66,SZKOŁA PODSTAWOWA NR 9 IM.WŁ.JAGIEŁŁY W KUTNIE,322012.13,401
67,SZKOŁA PODSTAWOWA NR 9 IM.WŁ.JAGIEŁŁY W KUTNIE,21456.7,404
68,SZKOŁA PODSTAWOWA NR 9 IM.WŁ.JAGIEŁŁY W KUTNIE,56530.23,411
69,SZKOŁA PODSTAWOWA NR 9 IM.WŁ.JAGIEŁŁY W KUTNIE,4552.81,412
70,SZKOŁA PODSTAWOWA NR 9 IM.WŁ.JAGIEŁŁY W KUTNIE,546715.5,422
71,SZKOŁA PODSTAWOWA NR 9 IM.WŁ.JAGIEŁŁY W KUTNIE,210.0,428
72,SZKOŁA PODSTAWOWA NR 9 IM.WŁ.JAGIEŁŁY W KUTNIE,12189.57,444
73,SZKOŁA PODSTAWOWA NR 9 IM.WŁ.JAGIEŁŁY W KUTNIE,12189.57,471
74,SZKOŁA PODSTAWOWA NR 9 IM.WŁ.JAGIEŁŁY W KUTNIE,96304.68,411
75,SZKOŁA PODSTAWOWA NR 9 IM.WŁ.JAGIEŁŁY W KUTNIE,13771.26,412
76,SZKOŁA PODSTAWOWA NR 9 IM.WŁ.JAGIEŁŁY W KUTNIE,7795.63,421
77,SZKOŁA PODSTAWOWA NR 9 IM.WŁ.JAGIEŁŁY W KUTNIE,3974.44,424
78,SZKOŁA PODSTAWOWA NR 9 IM.WŁ.JAGIEŁŁY W KUTNIE,527865.97,479
79,SZKOŁA PODSTAWOWA NR 9 IM.WŁ.JAGIEŁŁY W KUTNIE,34498.06,480
80,SZKOŁA PODSTAWOWA NR 9 IM.WŁ.JAGIEŁŁY W KUTNIE,10000.0,606
81,SZKOŁA PODSTAWOWA NR 9 IM.WŁ.JAGIEŁŁY W KUTNIE,56768.58,424
82,SZKOŁA PODSTAWOWA NR 9 IM.WŁ.JAGIEŁŁY W KUTNIE,28520.0,324
83,SZKOŁA PODSTAWOWA NR 9 IM.WŁ.JAGIEŁŁY W KUTNIE,597.08,302
84,SZKOŁA PODSTAWOWA NR 9 IM.WŁ.JAGIEŁŁY W KUTNIE,234569.67,401
85,SZKOŁA PODSTAWOWA NR 9 IM.WŁ.JAGIEŁŁY W KUTNIE,14866.34,404
86,SZKOŁA PODSTAWOWA NR 9 IM.WŁ.JAGIEŁŁY W KUTNIE,41069.35,411
87,SZKOŁA PODSTAWOWA NR 9 IM.WŁ.JAGIEŁŁY W KUTNIE,5790.71,412
88,SZKOŁA PODSTAWOWA NR 9 IM.WŁ.JAGIEŁŁY W KUTNIE,2788.3,421
89,SZKOŁA PODSTAWOWA NR 9 IM.WŁ.JAGIEŁŁY W KUTNIE,577308.78,426
90,SZKOŁA PODSTAWOWA NR 9 IM.WŁ.JAGIEŁŁY W KUTNIE,2527.79,430
91,SZKOŁA PODSTAWOWA NR 9 IM.WŁ.JAGIEŁŁY W KUTNIE,8314.85,444
92,SZKOŁA PODSTAWOWA NR 9 IM.WŁ.JAGIEŁŁY W KUTNIE,8314.85,471
93,SZKOŁA PODSTAWOWA NR 2 IM. MARSZAŁKA JÓZEFA PIŁSUDSKIEGO,10847.83,302
94,SZKOŁA PODSTAWOWA NR 2 IM. MARSZAŁKA JÓZEFA PIŁSUDSKIEGO,621507.31,401
95,SZKOŁA PODSTAWOWA NR 2 IM. MARSZAŁKA JÓZEFA PIŁSUDSKIEGO,47077.32,404
96,SZKOŁA PODSTAWOWA NR 2 IM. MARSZAŁKA JÓZEFA PIŁSUDSKIEGO,438156.6,411
97,SZKOŁA PODSTAWOWA NR 2 IM. MARSZAŁKA JÓZEFA PIŁSUDSKIEGO,48029.25,412
98,SZKOŁA PODSTAWOWA NR 2 IM. MARSZAŁKA JÓZEFA PIŁSUDSKIEGO,48029.25,417
99,SZKOŁA PODSTAWOWA NR 2 IM. MARSZAŁKA JÓZEFA PIŁSUDSKIEGO,74213.99,421
100,SZKOŁA PODSTAWOWA NR 2 IM. MARSZAŁKA JÓZEFA PIŁSUDSKIEGO,9146.94,424
101,SZKOŁA PODSTAWOWA NR 2 IM. MARSZAŁKA JÓZEFA PIŁSUDSKIEGO,228010.58,426
102,SZKOŁA PODSTAWOWA NR 2 IM. MARSZAŁKA JÓZEFA PIŁSUDSKIEGO,14753.73,427
103,SZKOŁA PODSTAWOWA NR 2 IM. MARSZAŁKA JÓZEFA PIŁSUDSKIEGO,4260.0,428
104,SZKOŁA PODSTAWOWA NR 2 IM. MARSZAŁKA JÓZEFA PIŁSUDSKIEGO,71021.49,430
105,SZKOŁA PODSTAWOWA NR 2 IM. MARSZAŁKA JÓZEFA PIŁSUDSKIEGO,5262.43,436
106,SZKOŁA PODSTAWOWA NR 2 IM. MARSZAŁKA JÓZEFA PIŁSUDSKIEGO,82.6,441
107,SZKOŁA PODSTAWOWA NR 2 IM. MARSZAŁKA JÓZEFA PIŁSUDSKIEGO,172137.97,444
108,SZKOŁA PODSTAWOWA NR 2 IM. MARSZAŁKA JÓZEFA PIŁSUDSKIEGO,172137.97,448
109,SZKOŁA PODSTAWOWA NR 2 IM. MARSZAŁKA JÓZEFA PIŁSUDSKIEGO,172137.97,453
110,SZKOŁA PODSTAWOWA NR 2 IM. MARSZAŁKA JÓZEFA PIŁSUDSKIEGO,1105.0,470
111,SZKOŁA PODSTAWOWA NR 2 IM. MARSZAŁKA JÓZEFA PIŁSUDSKIEGO,2520.57,471
112,SZKOŁA PODSTAWOWA NR 2 IM. MARSZAŁKA JÓZEFA PIŁSUDSKIEGO,1742196.34,479
113,SZKOŁA PODSTAWOWA NR 2 IM. MARSZAŁKA JÓZEFA PIŁSUDSKIEGO,130390.69,480
114,SZKOŁA PODSTAWOWA NR 2 IM. MARSZAŁKA JÓZEFA PIŁSUDSKIEGO,80100.0,606
115,SZKOŁA PODSTAWOWA NR 2 IM. MARSZAŁKA JÓZEFA PIŁSUDSKIEGO,24216.4,411
116,SZKOŁA PODSTAWOWA NR 2 IM. MARSZAŁKA JÓZEFA PIŁSUDSKIEGO,3102.9,412
117,SZKOŁA PODSTAWOWA NR 2 IM. MARSZAŁKA JÓZEFA PIŁSUDSKIEGO,6699.46,444
118,SZKOŁA PODSTAWOWA NR 2 IM. MARSZAŁKA JÓZEFA PIŁSUDSKIEGO,32.85,471
119,SZKOŁA PODSTAWOWA NR 2 IM. MARSZAŁKA JÓZEFA PIŁSUDSKIEGO,113868.44,479
120,SZKOŁA PODSTAWOWA NR 2 IM. MARSZAŁKA JÓZEFA PIŁSUDSKIEGO,10332.13,480
121,SZKOŁA PODSTAWOWA NR 2 IM. MARSZAŁKA JÓZEFA PIŁSUDSKIEGO,1200.0,430
122,SZKOŁA PODSTAWOWA NR 2 IM. MARSZAŁKA JÓZEFA PIŁSUDSKIEGO,7025.2,470
123,SZKOŁA PODSTAWOWA NR 2 IM. MARSZAŁKA JÓZEFA PIŁSUDSKIEGO,1714.65,302
124,SZKOŁA PODSTAWOWA NR 2 IM. MARSZAŁKA JÓZEFA PIŁSUDSKIEGO,202602.29,401
125,SZKOŁA PODSTAWOWA NR 2 IM. MARSZAŁKA JÓZEFA PIŁSUDSKIEGO,14449.55,404
126,SZKOŁA PODSTAWOWA NR 2 IM. MARSZAŁKA JÓZEFA PIŁSUDSKIEGO,37585.56,411
127,SZKOŁA PODSTAWOWA NR 2 IM. MARSZAŁKA JÓZEFA PIŁSUDSKIEGO,4073.29,412
128,SZKOŁA PODSTAWOWA NR 2 IM. MARSZAŁKA JÓZEFA PIŁSUDSKIEGO,72180.15,421
129,SZKOŁA PODSTAWOWA NR 2 IM. MARSZAŁKA JÓZEFA PIŁSUDSKIEGO,181849.82,422
130,SZKOŁA PODSTAWOWA NR 2 IM. MARSZAŁKA JÓZEFA PIŁSUDSKIEGO,14400.0,430
131,SZKOŁA PODSTAWOWA NR 2 IM. MARSZAŁKA JÓZEFA PIŁSUDSKIEGO,9146.33,444
132,SZKOŁA PODSTAWOWA NR 2 IM. MARSZAŁKA JÓZEFA PIŁSUDSKIEGO,9146.33,471
133,SZKOŁA PODSTAWOWA NR 2 IM. MARSZAŁKA JÓZEFA PIŁSUDSKIEGO,21545.9,411
134,SZKOŁA PODSTAWOWA NR 2 IM. MARSZAŁKA JÓZEFA PIŁSUDSKIEGO,2807.15,412
135,SZKOŁA PODSTAWOWA NR 2 IM. MARSZAŁKA JÓZEFA PIŁSUDSKIEGO,8039.35,444
136,SZKOŁA PODSTAWOWA NR 2 IM. MARSZAŁKA JÓZEFA PIŁSUDSKIEGO,8039.35,471
137,SZKOŁA PODSTAWOWA NR 2 IM. MARSZAŁKA JÓZEFA PIŁSUDSKIEGO,121353.59,479
138,SZKOŁA PODSTAWOWA NR 2 IM. MARSZAŁKA JÓZEFA PIŁSUDSKIEGO,2707.26,480
139,SZKOŁA PODSTAWOWA NR 2 IM. MARSZAŁKA JÓZEFA PIŁSUDSKIEGO,28614.96,424
140,SZKOŁA PODSTAWOWA NR 2 IM. MARSZAŁKA JÓZEFA PIŁSUDSKIEGO,3472.0,324
141,SZKOŁA PODSTAWOWA NR 1 IM.TADEUSZA KOŚCIUSZKI W KUTNIE,20554.76,302
142,SZKOŁA PODSTAWOWA NR 1 IM.TADEUSZA KOŚCIUSZKI W KUTNIE,1099398.93,401
143,SZKOŁA PODSTAWOWA NR 1 IM.TADEUSZA KOŚCIUSZKI W KUTNIE,68070.8,404
144,SZKOŁA PODSTAWOWA NR 1 IM.TADEUSZA KOŚCIUSZKI W KUTNIE,902268.62,411
145,SZKOŁA PODSTAWOWA NR 1 IM.TADEUSZA KOŚCIUSZKI W KUTNIE,80564.57,412
146,SZKOŁA PODSTAWOWA NR 1 IM.TADEUSZA KOŚCIUSZKI W KUTNIE,80564.57,417
147,SZKOŁA PODSTAWOWA NR 1 IM.TADEUSZA KOŚCIUSZKI W KUTNIE,133848.99,421
148,SZKOŁA PODSTAWOWA NR 1 IM.TADEUSZA KOŚCIUSZKI W KUTNIE,51767.8,424
149,SZKOŁA PODSTAWOWA NR 1 IM.TADEUSZA KOŚCIUSZKI W KUTNIE,507128.26,426
150,SZKOŁA PODSTAWOWA NR 1 IM.TADEUSZA KOŚCIUSZKI W KUTNIE,74584.86,427
151,SZKOŁA PODSTAWOWA NR 1 IM.TADEUSZA KOŚCIUSZKI W KUTNIE,3430.0,428
152,SZKOŁA PODSTAWOWA NR 1 IM.TADEUSZA KOŚCIUSZKI W KUTNIE,100943.28,430
153,SZKOŁA PODSTAWOWA NR 1 IM.TADEUSZA KOŚCIUSZKI W KUTNIE,5527.44,436
154,SZKOŁA PODSTAWOWA NR 1 IM.TADEUSZA KOŚCIUSZKI W KUTNIE,271.79,439
155,SZKOŁA PODSTAWOWA NR 1 IM.TADEUSZA KOŚCIUSZKI W KUTNIE,394.46,441
156,SZKOŁA PODSTAWOWA NR 1 IM.TADEUSZA KOŚCIUSZKI W KUTNIE,348860.51,444
157,SZKOŁA PODSTAWOWA NR 1 IM.TADEUSZA KOŚCIUSZKI W KUTNIE,801.0,448
158,SZKOŁA PODSTAWOWA NR 1 IM.TADEUSZA KOŚCIUSZKI W KUTNIE,801.0,453
159,SZKOŁA PODSTAWOWA NR 1 IM.TADEUSZA KOŚCIUSZKI W KUTNIE,2049.0,470
160,SZKOŁA PODSTAWOWA NR 1 IM.TADEUSZA KOŚCIUSZKI W KUTNIE,8606.62,471
161,SZKOŁA PODSTAWOWA NR 1 IM.TADEUSZA KOŚCIUSZKI W KUTNIE,4182664.81,479
162,SZKOŁA PODSTAWOWA NR 1 IM.TADEUSZA KOŚCIUSZKI W KUTNIE,295618.46,480
163,SZKOŁA PODSTAWOWA NR 1 IM.TADEUSZA KOŚCIUSZKI W KUTNIE,20000.0,605
164,SZKOŁA PODSTAWOWA NR 1 IM.TADEUSZA KOŚCIUSZKI W KUTNIE,255300.0,606
165,SZKOŁA PODSTAWOWA NR 1 IM.TADEUSZA KOŚCIUSZKI W KUTNIE,270.0,302
166,SZKOŁA PODSTAWOWA NR 1 IM.TADEUSZA KOŚCIUSZKI W KUTNIE,48698.81,411
167,SZKOŁA PODSTAWOWA NR 1 IM.TADEUSZA KOŚCIUSZKI W KUTNIE,3434.5,412
168,SZKOŁA PODSTAWOWA NR 1 IM.TADEUSZA KOŚCIUSZKI W KUTNIE,50.0,428
169,SZKOŁA PODSTAWOWA NR 1 IM.TADEUSZA KOŚCIUSZKI W KUTNIE,15073.78,444
170,SZKOŁA PODSTAWOWA NR 1 IM.TADEUSZA KOŚCIUSZKI W KUTNIE,0.37,471
171,SZKOŁA PODSTAWOWA NR 1 IM.TADEUSZA KOŚCIUSZKI W KUTNIE,267084.74,479
172,SZKOŁA PODSTAWOWA NR 1 IM.TADEUSZA KOŚCIUSZKI W KUTNIE,19309.61,480
173,SZKOŁA PODSTAWOWA NR 1 IM.TADEUSZA KOŚCIUSZKI W KUTNIE,2600.0,430
174,SZKOŁA PODSTAWOWA NR 1 IM.TADEUSZA KOŚCIUSZKI W KUTNIE,23882.97,470
175,SZKOŁA PODSTAWOWA NR 1 IM.TADEUSZA KOŚCIUSZKI W KUTNIE,1163.17,302
176,SZKOŁA PODSTAWOWA NR 1 IM.TADEUSZA KOŚCIUSZKI W KUTNIE,305076.08,401
177,SZKOŁA PODSTAWOWA NR 1 IM.TADEUSZA KOŚCIUSZKI W KUTNIE,21162.98,404
178,SZKOŁA PODSTAWOWA NR 1 IM.TADEUSZA KOŚCIUSZKI W KUTNIE,51318.01,411
179,SZKOŁA PODSTAWOWA NR 1 IM.TADEUSZA KOŚCIUSZKI W KUTNIE,5768.79,412
180,SZKOŁA PODSTAWOWA NR 1 IM.TADEUSZA KOŚCIUSZKI W KUTNIE,14249.75,421
181,SZKOŁA PODSTAWOWA NR 1 IM.TADEUSZA KOŚCIUSZKI W KUTNIE,432621.93,422
182,SZKOŁA PODSTAWOWA NR 1 IM.TADEUSZA KOŚCIUSZKI W KUTNIE,495.0,426
183,SZKOŁA PODSTAWOWA NR 1 IM.TADEUSZA KOŚCIUSZKI W KUTNIE,380.0,428
184,SZKOŁA PODSTAWOWA NR 1 IM.TADEUSZA KOŚCIUSZKI W KUTNIE,4325.45,430
185,SZKOŁA PODSTAWOWA NR 1 IM.TADEUSZA KOŚCIUSZKI W KUTNIE,13303.76,444
186,SZKOŁA PODSTAWOWA NR 1 IM.TADEUSZA KOŚCIUSZKI W KUTNIE,13303.76,471
187,SZKOŁA PODSTAWOWA NR 1 IM.TADEUSZA KOŚCIUSZKI W KUTNIE,291756.35,411
188,SZKOŁA PODSTAWOWA NR 1 IM.TADEUSZA KOŚCIUSZKI W KUTNIE,36203.78,412
189,SZKOŁA PODSTAWOWA NR 1 IM.TADEUSZA KOŚCIUSZKI W KUTNIE,42223.2,421
190,SZKOŁA PODSTAWOWA NR 1 IM.TADEUSZA KOŚCIUSZKI W KUTNIE,98616.05,444
191,SZKOŁA PODSTAWOWA NR 1 IM.TADEUSZA KOŚCIUSZKI W KUTNIE,3677.48,471
192,SZKOŁA PODSTAWOWA NR 1 IM.TADEUSZA KOŚCIUSZKI W KUTNIE,1594677.88,479
193,SZKOŁA PODSTAWOWA NR 1 IM.TADEUSZA KOŚCIUSZKI W KUTNIE,154983.52,480
194,SZKOŁA PODSTAWOWA NR 1 IM.TADEUSZA KOŚCIUSZKI W KUTNIE,75791.94,424
195,SZKOŁA PODSTAWOWA NR 1 IM.TADEUSZA KOŚCIUSZKI W KUTNIE,9991.83,605
196,SZKOŁA PODSTAWOWA NR 1 IM.TADEUSZA KOŚCIUSZKI W KUTNIE,18600.0,324
197,SZKOŁA PODSTAWOWA NR 6 IM. MARII SKŁODOWSKIEJ - CURIE W KUTNIE,11542.63,302
198,SZKOŁA PODSTAWOWA NR 6 IM. MARII SKŁODOWSKIEJ - CURIE W KUTNIE,689042.44,401
199,SZKOŁA PODSTAWOWA NR 6 IM. MARII SKŁODOWSKIEJ - CURIE W KUTNIE,53169.21,404
200,SZKOŁA PODSTAWOWA NR 6 IM. MARII SKŁODOWSKIEJ - CURIE W KUTNIE,509935.55,411
201,SZKOŁA PODSTAWOWA NR 6 IM. MARII SKŁODOWSKIEJ - CURIE W KUTNIE,49176.72,412
202,SZKOŁA PODSTAWOWA NR 6 IM. MARII SKŁODOWSKIEJ - CURIE W KUTNIE,49176.72,417
203,SZKOŁA PODSTAWOWA NR 6 IM. MARII SKŁODOWSKIEJ - CURIE W KUTNIE,58956.13,421
204,SZKOŁA PODSTAWOWA NR 6 IM. MARII SKŁODOWSKIEJ - CURIE W KUTNIE,19125.6,424
205,SZKOŁA PODSTAWOWA NR 6 IM. MARII SKŁODOWSKIEJ - CURIE W KUTNIE,395155.8,426
206,SZKOŁA PODSTAWOWA NR 6 IM. MARII SKŁODOWSKIEJ - CURIE W KUTNIE,7798.2,427
207,SZKOŁA PODSTAWOWA NR 6 IM. MARII SKŁODOWSKIEJ - CURIE W KUTNIE,4384.0,428
208,SZKOŁA PODSTAWOWA NR 6 IM. MARII SKŁODOWSKIEJ - CURIE W KUTNIE,79459.16,430
209,SZKOŁA PODSTAWOWA NR 6 IM. MARII SKŁODOWSKIEJ - CURIE W KUTNIE,2784.34,436
210,SZKOŁA PODSTAWOWA NR 6 IM. MARII SKŁODOWSKIEJ - CURIE W KUTNIE,329.4,441
211,SZKOŁA PODSTAWOWA NR 6 IM. MARII SKŁODOWSKIEJ - CURIE W KUTNIE,204094.0,444
212,SZKOŁA PODSTAWOWA NR 6 IM. MARII SKŁODOWSKIEJ - CURIE W KUTNIE,1478.0,470
213,SZKOŁA PODSTAWOWA NR 6 IM. MARII SKŁODOWSKIEJ - CURIE W KUTNIE,5085.74,471
214,SZKOŁA PODSTAWOWA NR 6 IM. MARII SKŁODOWSKIEJ - CURIE W KUTNIE,2210018.08,479
215,SZKOŁA PODSTAWOWA NR 6 IM. MARII SKŁODOWSKIEJ - CURIE W KUTNIE,216934.39,480
216,SZKOŁA PODSTAWOWA NR 6 IM. MARII SKŁODOWSKIEJ - CURIE W KUTNIE,14991.05,605
217,SZKOŁA PODSTAWOWA NR 6 IM. MARII SKŁODOWSKIEJ - CURIE W KUTNIE,139200.0,606
218,SZKOŁA PODSTAWOWA NR 6 IM. MARII SKŁODOWSKIEJ - CURIE W KUTNIE,37201.98,411
219,SZKOŁA PODSTAWOWA NR 6 IM. MARII SKŁODOWSKIEJ - CURIE W KUTNIE,4329.82,412
220,SZKOŁA PODSTAWOWA NR 6 IM. MARII SKŁODOWSKIEJ - CURIE W KUTNIE,13164.0,444
221,SZKOŁA PODSTAWOWA NR 6 IM. MARII SKŁODOWSKIEJ - CURIE W KUTNIE,24.41,471
222,SZKOŁA PODSTAWOWA NR 6 IM. MARII SKŁODOWSKIEJ - CURIE W KUTNIE,234690.07,479
223,SZKOŁA PODSTAWOWA NR 6 IM. MARII SKŁODOWSKIEJ - CURIE W KUTNIE,16449.3,480
224,SZKOŁA PODSTAWOWA NR 6 IM. MARII SKŁODOWSKIEJ - CURIE W KUTNIE,16449.3,430
225,SZKOŁA PODSTAWOWA NR 6 IM. MARII SKŁODOWSKIEJ - CURIE W KUTNIE,11702.0,470
226,SZKOŁA PODSTAWOWA NR 6 IM. MARII SKŁODOWSKIEJ - CURIE W KUTNIE,1934.89,302
227,SZKOŁA PODSTAWOWA NR 6 IM. MARII SKŁODOWSKIEJ - CURIE W KUTNIE,218259.81,401
228,SZKOŁA PODSTAWOWA NR 6 IM. MARII SKŁODOWSKIEJ - CURIE W KUTNIE,17668.16,404
229,SZKOŁA PODSTAWOWA NR 6 IM. MARII SKŁODOWSKIEJ - CURIE W KUTNIE,39707.84,411
230,SZKOŁA PODSTAWOWA NR 6 IM. MARII SKŁODOWSKIEJ - CURIE W KUTNIE,4381.41,412
231,SZKOŁA PODSTAWOWA NR 6 IM. MARII SKŁODOWSKIEJ - CURIE W KUTNIE,216143.59,422
232,SZKOŁA PODSTAWOWA NR 6 IM. MARII SKŁODOWSKIEJ - CURIE W KUTNIE,237.0,428
233,SZKOŁA PODSTAWOWA NR 6 IM. MARII SKŁODOWSKIEJ - CURIE W KUTNIE,7350.0,444
234,SZKOŁA PODSTAWOWA NR 6 IM. MARII SKŁODOWSKIEJ - CURIE W KUTNIE,7350.0,471
235,SZKOŁA PODSTAWOWA NR 6 IM. MARII SKŁODOWSKIEJ - CURIE W KUTNIE,109062.29,411
236,SZKOŁA PODSTAWOWA NR 6 IM. MARII SKŁODOWSKIEJ - CURIE W KUTNIE,15529.58,412
237,SZKOŁA PODSTAWOWA NR 6 IM. MARII SKŁODOWSKIEJ - CURIE W KUTNIE,43750.0,421
238,SZKOŁA PODSTAWOWA NR 6 IM. MARII SKŁODOWSKIEJ - CURIE W KUTNIE,43750.0,471
239,SZKOŁA PODSTAWOWA NR 6 IM. MARII SKŁODOWSKIEJ - CURIE W KUTNIE,597793.16,479
240,SZKOŁA PODSTAWOWA NR 6 IM. MARII SKŁODOWSKIEJ - CURIE W KUTNIE,36367.69,424
241,SZKOŁA PODSTAWOWA NR 6 IM. MARII SKŁODOWSKIEJ - CURIE W KUTNIE,4960.0,324
242,SZKOŁA PODSTAWOWA NR 5 IM. HENRYKA SIENKIEWICZA,11346.38,302
243,SZKOŁA PODSTAWOWA NR 5 IM. HENRYKA SIENKIEWICZA,614798.45,401
244,SZKOŁA PODSTAWOWA NR 5 IM. HENRYKA SIENKIEWICZA,33133.65,404
245,SZKOŁA PODSTAWOWA NR 5 IM. HENRYKA SIENKIEWICZA,389258.45,411
246,SZKOŁA PODSTAWOWA NR 5 IM. HENRYKA SIENKIEWICZA,40411.59,412
247,SZKOŁA PODSTAWOWA NR 5 IM. HENRYKA SIENKIEWICZA,69679.4,417
248,SZKOŁA PODSTAWOWA NR 5 IM. HENRYKA SIENKIEWICZA,50352.41,421
249,SZKOŁA PODSTAWOWA NR 5 IM. HENRYKA SIENKIEWICZA,25000.0,424
250,SZKOŁA PODSTAWOWA NR 5 IM. HENRYKA SIENKIEWICZA,154144.85,426
251,SZKOŁA PODSTAWOWA NR 5 IM. HENRYKA SIENKIEWICZA,645.48,427
252,SZKOŁA PODSTAWOWA NR 5 IM. HENRYKA SIENKIEWICZA,4070.0,428
253,SZKOŁA PODSTAWOWA NR 5 IM. HENRYKA SIENKIEWICZA,57704.96,430
254,SZKOŁA PODSTAWOWA NR 5 IM. HENRYKA SIENKIEWICZA,2411.98,436
255,SZKOŁA PODSTAWOWA NR 5 IM. HENRYKA SIENKIEWICZA,47.6,441
256,SZKOŁA PODSTAWOWA NR 5 IM. HENRYKA SIENKIEWICZA,172868.0,444
257,SZKOŁA PODSTAWOWA NR 5 IM. HENRYKA SIENKIEWICZA,4000.0,470
258,SZKOŁA PODSTAWOWA NR 5 IM. HENRYKA SIENKIEWICZA,245.01,471
259,SZKOŁA PODSTAWOWA NR 5 IM. HENRYKA SIENKIEWICZA,1679254.84,479
260,SZKOŁA PODSTAWOWA NR 5 IM. HENRYKA SIENKIEWICZA,134500.0,480
261,SZKOŁA PODSTAWOWA NR 5 IM. HENRYKA SIENKIEWICZA,73500.0,606
262,SZKOŁA PODSTAWOWA NR 5 IM. HENRYKA SIENKIEWICZA,18140.07,411
263,SZKOŁA PODSTAWOWA NR 5 IM. HENRYKA SIENKIEWICZA,1792.94,412
264,SZKOŁA PODSTAWOWA NR 5 IM. HENRYKA SIENKIEWICZA,5000.0,421
265,SZKOŁA PODSTAWOWA NR 5 IM. HENRYKA SIENKIEWICZA,6700.0,444
266,SZKOŁA PODSTAWOWA NR 5 IM. HENRYKA SIENKIEWICZA,111758.71,479
267,SZKOŁA PODSTAWOWA NR 5 IM. HENRYKA SIENKIEWICZA,1320.52,480
268,SZKOŁA PODSTAWOWA NR 5 IM. HENRYKA SIENKIEWICZA,1040.0,430
269,SZKOŁA PODSTAWOWA NR 5 IM. HENRYKA SIENKIEWICZA,7045.0,470
270,SZKOŁA PODSTAWOWA NR 5 IM. HENRYKA SIENKIEWICZA,751.84,302
271,SZKOŁA PODSTAWOWA NR 5 IM. HENRYKA SIENKIEWICZA,178047.76,401
272,SZKOŁA PODSTAWOWA NR 5 IM. HENRYKA SIENKIEWICZA,12513.45,404
273,SZKOŁA PODSTAWOWA NR 5 IM. HENRYKA SIENKIEWICZA,31873.03,411
274,SZKOŁA PODSTAWOWA NR 5 IM. HENRYKA SIENKIEWICZA,3617.77,412
275,SZKOŁA PODSTAWOWA NR 5 IM. HENRYKA SIENKIEWICZA,2994.99,421
276,SZKOŁA PODSTAWOWA NR 5 IM. HENRYKA SIENKIEWICZA,127387.54,422
277,SZKOŁA PODSTAWOWA NR 5 IM. HENRYKA SIENKIEWICZA,6651.88,444
278,SZKOŁA PODSTAWOWA NR 5 IM. HENRYKA SIENKIEWICZA,25958.79,424
279,SZKOŁA PODSTAWOWA NR 5 IM. HENRYKA SIENKIEWICZA,5208.0,324
280,SZKOŁA PODSTAWOWA NR 4 IM. MIKOŁAJA KOPERNIKA W KUTNIE,6491.26,302
281,SZKOŁA PODSTAWOWA NR 4 IM. MIKOŁAJA KOPERNIKA W KUTNIE,455758.85,401
282,SZKOŁA PODSTAWOWA NR 4 IM. MIKOŁAJA KOPERNIKA W KUTNIE,35509.41,404
283,SZKOŁA PODSTAWOWA NR 4 IM. MIKOŁAJA KOPERNIKA W KUTNIE,332194.11,411
284,SZKOŁA PODSTAWOWA NR 4 IM. MIKOŁAJA KOPERNIKA W KUTNIE,39340.07,412
285,SZKOŁA PODSTAWOWA NR 4 IM. MIKOŁAJA KOPERNIKA W KUTNIE,1792.0,414
286,SZKOŁA PODSTAWOWA NR 4 IM. MIKOŁAJA KOPERNIKA W KUTNIE,1792.0,417
287,SZKOŁA PODSTAWOWA NR 4 IM. MIKOŁAJA KOPERNIKA W KUTNIE,46837.74,421
288,SZKOŁA PODSTAWOWA NR 4 IM. MIKOŁAJA KOPERNIKA W KUTNIE,3568.17,424
289,SZKOŁA PODSTAWOWA NR 4 IM. MIKOŁAJA KOPERNIKA W KUTNIE,162467.46,426
290,SZKOŁA PODSTAWOWA NR 4 IM. MIKOŁAJA KOPERNIKA W KUTNIE,10365.51,427
291,SZKOŁA PODSTAWOWA NR 4 IM. MIKOŁAJA KOPERNIKA W KUTNIE,960.0,428
292,SZKOŁA PODSTAWOWA NR 4 IM. MIKOŁAJA KOPERNIKA W KUTNIE,55476.83,430
293,SZKOŁA PODSTAWOWA NR 4 IM. MIKOŁAJA KOPERNIKA W KUTNIE,2811.3,436
294,SZKOŁA PODSTAWOWA NR 4 IM. MIKOŁAJA KOPERNIKA W KUTNIE,564.6,441
295,SZKOŁA PODSTAWOWA NR 4 IM. MIKOŁAJA KOPERNIKA W KUTNIE,150518.06,444
296,SZKOŁA PODSTAWOWA NR 4 IM. MIKOŁAJA KOPERNIKA W KUTNIE,872.1,470
297,SZKOŁA PODSTAWOWA NR 4 IM. MIKOŁAJA KOPERNIKA W KUTNIE,1128.6,471
298,SZKOŁA PODSTAWOWA NR 4 IM. MIKOŁAJA KOPERNIKA W KUTNIE,1483319.99,479
299,SZKOŁA PODSTAWOWA NR 4 IM. MIKOŁAJA KOPERNIKA W KUTNIE,122336.97,480
300,SZKOŁA PODSTAWOWA NR 4 IM. MIKOŁAJA KOPERNIKA W KUTNIE,122336.97,605
301,SZKOŁA PODSTAWOWA NR 4 IM. MIKOŁAJA KOPERNIKA W KUTNIE,72000.0,606
302,SZKOŁA PODSTAWOWA NR 4 IM. MIKOŁAJA KOPERNIKA W KUTNIE,21047.87,411
303,SZKOŁA PODSTAWOWA NR 4 IM. MIKOŁAJA KOPERNIKA W KUTNIE,563.55,412
304,SZKOŁA PODSTAWOWA NR 4 IM. MIKOŁAJA KOPERNIKA W KUTNIE,7101.43,444
305,SZKOŁA PODSTAWOWA NR 4 IM. MIKOŁAJA KOPERNIKA W KUTNIE,646.5,471
306,SZKOŁA PODSTAWOWA NR 4 IM. MIKOŁAJA KOPERNIKA W KUTNIE,126781.43,479
307,SZKOŁA PODSTAWOWA NR 4 IM. MIKOŁAJA KOPERNIKA W KUTNIE,9162.18,480
308,SZKOŁA PODSTAWOWA NR 4 IM. MIKOŁAJA KOPERNIKA W KUTNIE,860.0,430
309,SZKOŁA PODSTAWOWA NR 4 IM. MIKOŁAJA KOPERNIKA W KUTNIE,6279.0,470
310,SZKOŁA PODSTAWOWA NR 4 IM. MIKOŁAJA KOPERNIKA W KUTNIE,96.36,302
311,SZKOŁA PODSTAWOWA NR 4 IM. MIKOŁAJA KOPERNIKA W KUTNIE,125046.58,401
312,SZKOŁA PODSTAWOWA NR 4 IM. MIKOŁAJA KOPERNIKA W KUTNIE,10384.49,404
313,SZKOŁA PODSTAWOWA NR 4 IM. MIKOŁAJA KOPERNIKA W KUTNIE,22843.4,411
314,SZKOŁA PODSTAWOWA NR 4 IM. MIKOŁAJA KOPERNIKA W KUTNIE,3272.83,412
315,SZKOŁA PODSTAWOWA NR 4 IM. MIKOŁAJA KOPERNIKA W KUTNIE,64000.0,421
316,SZKOŁA PODSTAWOWA NR 4 IM. MIKOŁAJA KOPERNIKA W KUTNIE,74987.27,422
317,SZKOŁA PODSTAWOWA NR 4 IM. MIKOŁAJA KOPERNIKA W KUTNIE,74987.27,426
318,SZKOŁA PODSTAWOWA NR 4 IM. MIKOŁAJA KOPERNIKA W KUTNIE,170.0,428
319,SZKOŁA PODSTAWOWA NR 4 IM. MIKOŁAJA KOPERNIKA W KUTNIE,16000.0,430
320,SZKOŁA PODSTAWOWA NR 4 IM. MIKOŁAJA KOPERNIKA W KUTNIE,4988.91,444
321,SZKOŁA PODSTAWOWA NR 4 IM. MIKOŁAJA KOPERNIKA W KUTNIE,4988.91,471
322,SZKOŁA PODSTAWOWA NR 4 IM. MIKOŁAJA KOPERNIKA W KUTNIE,2171.79,411
323,SZKOŁA PODSTAWOWA NR 4 IM. MIKOŁAJA KOPERNIKA W KUTNIE,311.2,412
324,SZKOŁA PODSTAWOWA NR 4 IM. MIKOŁAJA KOPERNIKA W KUTNIE,11324.87,479
325,SZKOŁA PODSTAWOWA NR 4 IM. MIKOŁAJA KOPERNIKA W KUTNIE,21675.06,424
326,SZKOŁA PODSTAWOWA NR 4 IM. MIKOŁAJA KOPERNIKA W KUTNIE,1736.0,324
